,correlation_mean,correlation_median,cosine_mean,cosine_median,top_paper_indices
0,[np.float64(0.1649710229976084)],[np.float64(0.17465454916275674)],[0.16459911],[0.17406551],"[441, 1360, 1862, 2037, 5307, 6718, 6850, 7494, 8435, 8766]"
