,correlation_mean,correlation_median,cosine_mean,cosine_median,top_paper_indices
0,0.1649710229976084,0.17465454916275674,0.1645991053078261,0.17406550876015855,"[441, 1360, 1862, 2037, 5307, 6718, 6850, 7494, 8435, 8766]"
