,correlation_mean,correlation_median,cosine_mean,cosine_median,top_paper_indices
0,0.44895715052248153,0.4394215771730607,0.44768180503018684,0.4377576199482476,"[688, 9265, 1564, 7014, 1790, 185, 6611, 4623, 5482, 5157]"
